Time,Predicted pooled reads,Skew,Incidence (pop),Prevalence (pop),S (pop),I (pop),R (pop),S (sample),I (sample),R (sample),Sim no
30.0,16.92,-3.7379,0.03523333333333333,0.151,24156,4530,1314,45,5,0,1
30.0,3.94,-4.2053,0.03523333333333333,0.151,24156,4530,1314,44,0,6,2
30.0,13.36,-3.1378,0.03523333333333333,0.151,24156,4530,1314,43,0,7,3
30.0,70.14,-2.8564,0.03523333333333333,0.151,24156,4530,1314,43,0,7,4
30.0,45.6,-2.4297,0.03523333333333333,0.151,24156,4530,1314,37,10,3,5
30.0,47.82,-2.0231,0.03523333333333333,0.151,24156,4530,1314,37,13,0,6
30.0,4.02,-2.0609,0.03523333333333333,0.151,24156,4530,1314,40,0,10,7
30.0,98.22,-2.6496,0.03523333333333333,0.151,24156,4530,1314,39,9,2,8
30.0,4.52,-1.2309,0.03523333333333333,0.151,24156,4530,1314,37,3,10,9
30.0,32.44,-2.9444,0.03523333333333333,0.151,24156,4530,1314,42,0,8,10
30.0,30.66,-1.9583,0.03523333333333333,0.151,24156,4530,1314,39,5,6,11
30.0,24.9,-2.9489,0.03523333333333333,0.151,24156,4530,1314,40,0,10,12
30.0,14.7,-2.0176,0.03523333333333333,0.151,24156,4530,1314,37,8,5,13
30.0,31.98,-2.3009,0.03523333333333333,0.151,24156,4530,1314,38,6,6,14
30.0,107.2,-2.3519,0.03523333333333333,0.151,24156,4530,1314,40,6,4,15
30.0,1.5,-2.4779,0.03523333333333333,0.151,24156,4530,1314,43,5,2,16
30.0,20.04,-2.1616,0.03523333333333333,0.151,24156,4530,1314,40,3,7,17
30.0,9.5,-3.4503,0.03523333333333333,0.151,24156,4530,1314,43,5,2,18
30.0,115.18,-2.1508,0.03523333333333333,0.151,24156,4530,1314,37,4,9,19
30.0,0.8,-3.7716,0.03523333333333333,0.151,24156,4530,1314,42,6,2,20
30.0,51.22,-2.4445,0.03523333333333333,0.151,24156,4530,1314,38,6,6,21
30.0,8.52,-2.9487,0.03523333333333333,0.151,24156,4530,1314,41,7,2,22
30.0,80.9,-2.1625,0.03523333333333333,0.151,24156,4530,1314,38,10,2,23
30.0,25.42,-4.0583,0.03523333333333333,0.151,24156,4530,1314,45,0,5,24
30.0,79.6,-4.2773,0.03523333333333333,0.151,24156,4530,1314,45,0,5,25
30.0,26.24,-3.4364,0.03523333333333333,0.151,24156,4530,1314,40,10,0,26
30.0,58.46,-2.2949,0.03523333333333333,0.151,24156,4530,1314,41,8,1,27
30.0,1.14,-3.4652,0.03523333333333333,0.151,24156,4530,1314,45,0,5,28
30.0,16.8,-2.7714,0.03523333333333333,0.151,24156,4530,1314,37,6,7,29
30.0,33.54,-2.7379,0.03523333333333333,0.151,24156,4530,1314,43,0,7,30
30.0,13.62,-2.1646,0.03523333333333333,0.151,24156,4530,1314,39,5,6,31
30.0,64.08,-3.5211,0.03523333333333333,0.151,24156,4530,1314,43,0,7,32
30.0,1.36,-2.8516,0.03523333333333333,0.151,24156,4530,1314,43,0,7,33
30.0,0.74,-0.5117,0.03523333333333333,0.151,24156,4530,1314,42,6,2,34
30.0,17.92,-2.4782,0.03523333333333333,0.151,24156,4530,1314,38,8,4,35
30.0,7.02,-3.3451,0.03523333333333333,0.151,24156,4530,1314,44,0,6,36
30.0,28.26,-3.2293,0.03523333333333333,0.151,24156,4530,1314,39,8,3,37
30.0,17.22,-4.922,0.03523333333333333,0.151,24156,4530,1314,43,5,2,38
30.0,9.2,-2.7671,0.03523333333333333,0.151,24156,4530,1314,43,0,7,39
30.0,61.14,-2.1433,0.03523333333333333,0.151,24156,4530,1314,37,10,3,40
30.0,76.08,-3.1864,0.03523333333333333,0.151,24156,4530,1314,42,0,8,41
30.0,10.98,-2.6375,0.03523333333333333,0.151,24156,4530,1314,44,5,1,42
30.0,7.88,-2.395,0.03523333333333333,0.151,24156,4530,1314,39,7,4,43
30.0,6.18,-2.2702,0.03523333333333333,0.151,24156,4530,1314,41,4,5,44
30.0,4.68,-3.0336,0.03523333333333333,0.151,24156,4530,1314,43,7,0,45
30.0,3.16,-2.0953,0.03523333333333333,0.151,24156,4530,1314,40,8,2,46
30.0,5.52,-2.8605,0.03523333333333333,0.151,24156,4530,1314,43,0,7,47
30.0,357.94,-4.0399,0.03523333333333333,0.151,24156,4530,1314,44,0,6,48
30.0,2.06,-2.4992,0.03523333333333333,0.151,24156,4530,1314,40,4,6,49
30.0,0.28,-4.481,0.03523333333333333,0.151,24156,4530,1314,45,0,5,50
30.0,33.74,-3.7058,0.03523333333333333,0.151,24156,4530,1314,42,7,1,51
30.0,54.06,-2.1521,0.03523333333333333,0.151,24156,4530,1314,41,5,4,52
30.0,33.26,-2.4472,0.03523333333333333,0.151,24156,4530,1314,39,9,2,53
30.0,36.4,-3.9839,0.03523333333333333,0.151,24156,4530,1314,45,0,5,54
30.0,167.4,-2.5567,0.03523333333333333,0.151,24156,4530,1314,42,0,8,55
30.0,10.64,-2.4191,0.03523333333333333,0.151,24156,4530,1314,40,0,10,56
30.0,78.5,-2.5518,0.03523333333333333,0.151,24156,4530,1314,41,9,0,57
30.0,137.08,-2.5152,0.03523333333333333,0.151,24156,4530,1314,38,8,4,58
30.0,22.82,-1.6969,0.03523333333333333,0.151,24156,4530,1314,36,5,9,59
30.0,6.82,-2.2129,0.03523333333333333,0.151,24156,4530,1314,39,8,3,60
30.0,12.3,-3.9609,0.03523333333333333,0.151,24156,4530,1314,45,4,1,61
30.0,0.52,-3.7298,0.03523333333333333,0.151,24156,4530,1314,43,0,7,62
30.0,19.68,-3.1414,0.03523333333333333,0.151,24156,4530,1314,41,5,4,63
30.0,33.16,-3.6343,0.03523333333333333,0.151,24156,4530,1314,46,0,4,64
30.0,17.7,-2.119,0.03523333333333333,0.151,24156,4530,1314,39,10,1,65
30.0,2.86,-2.695,0.03523333333333333,0.151,24156,4530,1314,40,7,3,66
30.0,261.74,-3.1465,0.03523333333333333,0.151,24156,4530,1314,41,6,3,67
30.0,15.36,-2.4138,0.03523333333333333,0.151,24156,4530,1314,42,6,2,68
30.0,8.52,-1.543,0.03523333333333333,0.151,24156,4530,1314,38,9,3,69
30.0,3.96,-3.5113,0.03523333333333333,0.151,24156,4530,1314,44,0,6,70
30.0,60.7,-2.5517,0.03523333333333333,0.151,24156,4530,1314,40,0,10,71
30.0,15.22,-2.6126,0.03523333333333333,0.151,24156,4530,1314,42,0,8,72
30.0,11.16,-2.7179,0.03523333333333333,0.151,24156,4530,1314,42,8,0,73
30.0,87.32,-1.8887,0.03523333333333333,0.151,24156,4530,1314,37,8,5,74
30.0,20.6,-2.0267,0.03523333333333333,0.151,24156,4530,1314,38,9,3,75
30.0,17.82,-2.3222,0.03523333333333333,0.151,24156,4530,1314,40,9,1,76
30.0,20.7,-4.4201,0.03523333333333333,0.151,24156,4530,1314,44,6,0,77
30.0,106.0,-2.3386,0.03523333333333333,0.151,24156,4530,1314,35,5,10,78
30.0,21.14,-2.4541,0.03523333333333333,0.151,24156,4530,1314,40,6,4,79
30.0,10.38,-2.7264,0.03523333333333333,0.151,24156,4530,1314,41,4,5,80
30.0,102.68,-3.541,0.03523333333333333,0.151,24156,4530,1314,43,7,0,81
30.0,12.52,-2.405,0.03523333333333333,0.151,24156,4530,1314,39,10,1,82
30.0,5.64,-2.6992,0.03523333333333333,0.151,24156,4530,1314,40,7,3,83
30.0,33.78,-2.188,0.03523333333333333,0.151,24156,4530,1314,38,5,7,84
30.0,30.1,-3.1193,0.03523333333333333,0.151,24156,4530,1314,43,0,7,85
30.0,96.18,-2.2006,0.03523333333333333,0.151,24156,4530,1314,38,12,0,86
30.0,2.66,-2.2169,0.03523333333333333,0.151,24156,4530,1314,40,9,1,87
30.0,6.94,-2.7699,0.03523333333333333,0.151,24156,4530,1314,41,9,0,88
30.0,8.26,-2.7375,0.03523333333333333,0.151,24156,4530,1314,41,6,3,89
30.0,0.0,-7.0711,0.03523333333333333,0.151,24156,4530,1314,49,0,1,90
30.0,0.06,-5.4264,0.03523333333333333,0.151,24156,4530,1314,48,0,2,91
30.0,116.0,-6.8909,0.03523333333333333,0.151,24156,4530,1314,46,0,4,92
30.0,23.16,-3.0887,0.03523333333333333,0.151,24156,4530,1314,41,6,3,93
30.0,14.4,-2.0283,0.03523333333333333,0.151,24156,4530,1314,38,12,0,94
30.0,22.86,-2.447,0.03523333333333333,0.151,24156,4530,1314,43,6,1,95
30.0,23.52,-2.0578,0.03523333333333333,0.151,24156,4530,1314,39,7,4,96
30.0,95.1,-2.3481,0.03523333333333333,0.151,24156,4530,1314,37,8,5,97
30.0,6.24,-3.2071,0.03523333333333333,0.151,24156,4530,1314,43,0,7,98
30.0,87.04,-2.0838,0.03523333333333333,0.151,24156,4530,1314,39,10,1,99
30.0,3.32,-3.7307,0.03523333333333333,0.151,24156,4530,1314,45,0,5,100
60.0,0.94,-1.0394,0.0013666666666666666,0.20276666666666668,527,6083,23390,0,1,49,1
60.0,0.06,2.6391,0.0013666666666666666,0.20276666666666668,527,6083,23390,0,8,42,2
60.0,0.14,1.6783,0.0013666666666666666,0.20276666666666668,527,6083,23390,2,6,42,3
60.0,0.06,0.8425,0.0013666666666666666,0.20276666666666668,527,6083,23390,0,15,35,4
60.0,0.06,1.3305,0.0013666666666666666,0.20276666666666668,527,6083,23390,1,11,38,5
60.0,0.08,1.9812,0.0013666666666666666,0.20276666666666668,527,6083,23390,1,9,40,6
60.0,0.24,-0.3667,0.0013666666666666666,0.20276666666666668,527,6083,23390,3,10,37,7
60.0,0.08,0.5027,0.0013666666666666666,0.20276666666666668,527,6083,23390,0,9,41,8
60.0,100.18,-4.8046,0.0013666666666666666,0.20276666666666668,527,6083,23390,0,14,36,9
60.0,0.16,0.3713,0.0013666666666666666,0.20276666666666668,527,6083,23390,2,13,35,10
60.0,0.1,0.9228,0.0013666666666666666,0.20276666666666668,527,6083,23390,1,10,39,11
60.0,15.64,-2.3435,0.0013666666666666666,0.20276666666666668,527,6083,23390,1,9,40,12
60.0,1.66,-0.6174,0.0013666666666666666,0.20276666666666668,527,6083,23390,0,8,42,13
60.0,0.88,-0.641,0.0013666666666666666,0.20276666666666668,527,6083,23390,0,8,42,14
60.0,2.28,-1.3304,0.0013666666666666666,0.20276666666666668,527,6083,23390,0,16,34,15
60.0,1.48,-0.3867,0.0013666666666666666,0.20276666666666668,527,6083,23390,0,10,40,16
60.0,0.18,0.0124,0.0013666666666666666,0.20276666666666668,527,6083,23390,1,11,38,17
60.0,3.68,1.1798,0.0013666666666666666,0.20276666666666668,527,6083,23390,1,12,37,18
60.0,0.1,2.8211,0.0013666666666666666,0.20276666666666668,527,6083,23390,0,10,40,19
60.0,0.22,-0.3687,0.0013666666666666666,0.20276666666666668,527,6083,23390,0,11,39,20
60.0,35.58,-1.9527,0.0013666666666666666,0.20276666666666668,527,6083,23390,1,13,36,21
60.0,0.22,-0.4196,0.0013666666666666666,0.20276666666666668,527,6083,23390,0,11,39,22
60.0,1.2,-1.0445,0.0013666666666666666,0.20276666666666668,527,6083,23390,3,6,41,23
60.0,0.08,0.8052,0.0013666666666666666,0.20276666666666668,527,6083,23390,1,5,44,24
60.0,0.28,-0.2,0.0013666666666666666,0.20276666666666668,527,6083,23390,0,7,43,25
60.0,16.24,-1.8088,0.0013666666666666666,0.20276666666666668,527,6083,23390,1,10,39,26
60.0,0.16,1.2193,0.0013666666666666666,0.20276666666666668,527,6083,23390,0,11,39,27
60.0,2.38,-1.2949,0.0013666666666666666,0.20276666666666668,527,6083,23390,2,10,38,28
60.0,0.32,0.4201,0.0013666666666666666,0.20276666666666668,527,6083,23390,1,12,37,29
60.0,2.46,-1.394,0.0013666666666666666,0.20276666666666668,527,6083,23390,0,7,43,30
60.0,0.82,-0.6062,0.0013666666666666666,0.20276666666666668,527,6083,23390,2,18,30,31
60.0,0.9,0.5723,0.0013666666666666666,0.20276666666666668,527,6083,23390,0,6,44,32
60.0,0.8,-0.552,0.0013666666666666666,0.20276666666666668,527,6083,23390,1,7,42,33
60.0,0.98,-1.3443,0.0013666666666666666,0.20276666666666668,527,6083,23390,1,13,36,34
60.0,0.14,1.9732,0.0013666666666666666,0.20276666666666668,527,6083,23390,1,17,32,35
60.0,0.7,0.7678,0.0013666666666666666,0.20276666666666668,527,6083,23390,0,10,40,36
60.0,2.16,-2.3407,0.0013666666666666666,0.20276666666666668,527,6083,23390,1,10,39,37
60.0,0.16,0.005,0.0013666666666666666,0.20276666666666668,527,6083,23390,3,11,36,38
60.0,0.14,0.6822,0.0013666666666666666,0.20276666666666668,527,6083,23390,2,15,33,39
60.0,0.1,2.3038,0.0013666666666666666,0.20276666666666668,527,6083,23390,2,13,35,40
60.0,0.14,0.6283,0.0013666666666666666,0.20276666666666668,527,6083,23390,1,13,36,41
60.0,12.34,-2.2349,0.0013666666666666666,0.20276666666666668,527,6083,23390,0,14,36,42
60.0,0.06,0.6632,0.0013666666666666666,0.20276666666666668,527,6083,23390,0,10,40,43
60.0,6.88,-1.9156,0.0013666666666666666,0.20276666666666668,527,6083,23390,0,7,43,44
60.0,0.36,0.3454,0.0013666666666666666,0.20276666666666668,527,6083,23390,0,8,42,45
60.0,0.1,1.2399,0.0013666666666666666,0.20276666666666668,527,6083,23390,1,10,39,46
60.0,0.2,0.5129,0.0013666666666666666,0.20276666666666668,527,6083,23390,2,6,42,47
60.0,0.02,1.1353,0.0013666666666666666,0.20276666666666668,527,6083,23390,2,11,37,48
60.0,3.6,-1.7009,0.0013666666666666666,0.20276666666666668,527,6083,23390,0,7,43,49
60.0,2.94,-2.563,0.0013666666666666666,0.20276666666666668,527,6083,23390,1,13,36,50
60.0,8.32,-1.2533,0.0013666666666666666,0.20276666666666668,527,6083,23390,0,15,35,51
60.0,0.16,0.8369,0.0013666666666666666,0.20276666666666668,527,6083,23390,2,9,39,52
60.0,2.96,1.1567,0.0013666666666666666,0.20276666666666668,527,6083,23390,1,8,41,53
60.0,0.08,1.5829,0.0013666666666666666,0.20276666666666668,527,6083,23390,0,9,41,54
60.0,20.68,-1.2555,0.0013666666666666666,0.20276666666666668,527,6083,23390,0,9,41,55
60.0,454.2,-2.9475,0.0013666666666666666,0.20276666666666668,527,6083,23390,2,16,32,56
60.0,0.04,0.0589,0.0013666666666666666,0.20276666666666668,527,6083,23390,3,8,39,57
60.0,0.16,1.0143,0.0013666666666666666,0.20276666666666668,527,6083,23390,1,8,41,58
60.0,1.46,-1.3874,0.0013666666666666666,0.20276666666666668,527,6083,23390,2,9,39,59
60.0,0.14,-3.0E-4,0.0013666666666666666,0.20276666666666668,527,6083,23390,1,11,38,60
60.0,0.14,0.086,0.0013666666666666666,0.20276666666666668,527,6083,23390,2,6,42,61
60.0,0.1,1.1643,0.0013666666666666666,0.20276666666666668,527,6083,23390,2,12,36,62
60.0,0.24,-0.0012,0.0013666666666666666,0.20276666666666668,527,6083,23390,3,7,40,63
60.0,2.04,-0.6126,0.0013666666666666666,0.20276666666666668,527,6083,23390,2,12,36,64
60.0,0.96,-0.4266,0.0013666666666666666,0.20276666666666668,527,6083,23390,2,9,39,65
60.0,0.56,-0.7529,0.0013666666666666666,0.20276666666666668,527,6083,23390,0,8,42,66
60.0,0.26,0.3905,0.0013666666666666666,0.20276666666666668,527,6083,23390,2,7,41,67
60.0,0.28,1.3219,0.0013666666666666666,0.20276666666666668,527,6083,23390,0,10,40,68
60.0,0.18,1.1461,0.0013666666666666666,0.20276666666666668,527,6083,23390,0,7,43,69
60.0,0.08,0.8416,0.0013666666666666666,0.20276666666666668,527,6083,23390,0,14,36,70
60.0,0.12,0.0313,0.0013666666666666666,0.20276666666666668,527,6083,23390,0,9,41,71
60.0,5.88,-2.1217,0.0013666666666666666,0.20276666666666668,527,6083,23390,2,9,39,72
60.0,2.98,-1.3277,0.0013666666666666666,0.20276666666666668,527,6083,23390,0,13,37,73
60.0,0.12,0.4345,0.0013666666666666666,0.20276666666666668,527,6083,23390,0,9,41,74
60.0,2.76,-2.8537,0.0013666666666666666,0.20276666666666668,527,6083,23390,0,7,43,75
60.0,0.1,0.8356,0.0013666666666666666,0.20276666666666668,527,6083,23390,0,10,40,76
60.0,0.26,0.314,0.0013666666666666666,0.20276666666666668,527,6083,23390,0,7,43,77
60.0,0.44,0.6,0.0013666666666666666,0.20276666666666668,527,6083,23390,3,6,41,78
60.0,6.94,-2.5354,0.0013666666666666666,0.20276666666666668,527,6083,23390,0,13,37,79
60.0,0.24,0.6332,0.0013666666666666666,0.20276666666666668,527,6083,23390,0,13,37,80
60.0,0.06,3.2386,0.0013666666666666666,0.20276666666666668,527,6083,23390,1,5,44,81
60.0,0.72,-0.845,0.0013666666666666666,0.20276666666666668,527,6083,23390,1,14,35,82
60.0,3.3,-0.8394,0.0013666666666666666,0.20276666666666668,527,6083,23390,1,12,37,83
60.0,5.26,-2.9539,0.0013666666666666666,0.20276666666666668,527,6083,23390,0,12,38,84
60.0,0.14,-0.4996,0.0013666666666666666,0.20276666666666668,527,6083,23390,1,9,40,85
60.0,0.16,1.5061,0.0013666666666666666,0.20276666666666668,527,6083,23390,2,8,40,86
60.0,12.7,-1.7081,0.0013666666666666666,0.20276666666666668,527,6083,23390,0,8,42,87
60.0,0.72,-0.9251,0.0013666666666666666,0.20276666666666668,527,6083,23390,1,8,41,88
60.0,0.2,0.2198,0.0013666666666666666,0.20276666666666668,527,6083,23390,0,11,39,89
60.0,0.42,-1.5791,0.0013666666666666666,0.20276666666666668,527,6083,23390,0,9,41,90
60.0,0.16,1.0887,0.0013666666666666666,0.20276666666666668,527,6083,23390,1,8,41,91
60.0,0.06,1.8698,0.0013666666666666666,0.20276666666666668,527,6083,23390,3,6,41,92
60.0,32.82,-3.5683,0.0013666666666666666,0.20276666666666668,527,6083,23390,1,11,38,93
60.0,0.1,1.4004,0.0013666666666666666,0.20276666666666668,527,6083,23390,1,9,40,94
60.0,0.22,1.3514,0.0013666666666666666,0.20276666666666668,527,6083,23390,0,9,41,95
60.0,0.16,0.9463,0.0013666666666666666,0.20276666666666668,527,6083,23390,0,9,41,96
60.0,0.3,-0.8282,0.0013666666666666666,0.20276666666666668,527,6083,23390,0,9,41,97
60.0,0.12,1.6791,0.0013666666666666666,0.20276666666666668,527,6083,23390,0,15,35,98
60.0,0.1,0.8263,0.0013666666666666666,0.20276666666666668,527,6083,23390,0,10,40,99
60.0,0.86,-0.2566,0.0013666666666666666,0.20276666666666668,527,6083,23390,1,12,37,100
90.0,0.08,0.3808,1.6666666666666666E-4,0.028833333333333332,198,865,28937,0,0,50,1
90.0,0.08,0.4691,1.6666666666666666E-4,0.028833333333333332,198,865,28937,0,0,50,2
90.0,0.0,0.9658,1.6666666666666666E-4,0.028833333333333332,198,865,28937,2,1,47,3
90.0,0.06,0.7982,1.6666666666666666E-4,0.028833333333333332,198,865,28937,0,0,50,4
90.0,0.0,1.2475,1.6666666666666666E-4,0.028833333333333332,198,865,28937,0,2,48,5
90.0,0.1,0.7568,1.6666666666666666E-4,0.028833333333333332,198,865,28937,1,1,48,6
90.0,0.8,-1.2274,1.6666666666666666E-4,0.028833333333333332,198,865,28937,0,3,47,7
90.0,0.06,0.9165,1.6666666666666666E-4,0.028833333333333332,198,865,28937,0,1,49,8
90.0,0.02,1.1839,1.6666666666666666E-4,0.028833333333333332,198,865,28937,0,0,50,9
90.0,0.02,0.8453,1.6666666666666666E-4,0.028833333333333332,198,865,28937,1,1,48,10
90.0,0.06,1.0338,1.6666666666666666E-4,0.028833333333333332,198,865,28937,0,1,49,11
90.0,0.0,0.8671,1.6666666666666666E-4,0.028833333333333332,198,865,28937,0,1,49,12
90.0,0.12,0.4533,1.6666666666666666E-4,0.028833333333333332,198,865,28937,0,2,48,13
90.0,0.74,-1.3939,1.6666666666666666E-4,0.028833333333333332,198,865,28937,0,2,48,14
90.0,3.02,-2.916,1.6666666666666666E-4,0.028833333333333332,198,865,28937,1,2,47,15
90.0,0.12,0.9441,1.6666666666666666E-4,0.028833333333333332,198,865,28937,1,1,48,16
90.0,0.02,1.4396,1.6666666666666666E-4,0.028833333333333332,198,865,28937,1,1,48,17
90.0,0.06,1.5249,1.6666666666666666E-4,0.028833333333333332,198,865,28937,0,2,48,18
90.0,0.1,4.1222,1.6666666666666666E-4,0.028833333333333332,198,865,28937,0,1,49,19
90.0,0.1,0.7818,1.6666666666666666E-4,0.028833333333333332,198,865,28937,1,1,48,20
90.0,0.02,0.1929,1.6666666666666666E-4,0.028833333333333332,198,865,28937,0,1,49,21
90.0,0.08,1.2427,1.6666666666666666E-4,0.028833333333333332,198,865,28937,0,0,50,22
90.0,0.02,1.6053,1.6666666666666666E-4,0.028833333333333332,198,865,28937,0,3,47,23
90.0,0.06,0.4959,1.6666666666666666E-4,0.028833333333333332,198,865,28937,0,2,48,24
90.0,0.08,0.5232,1.6666666666666666E-4,0.028833333333333332,198,865,28937,1,3,46,25
90.0,0.04,0.583,1.6666666666666666E-4,0.028833333333333332,198,865,28937,1,3,46,26
90.0,0.04,1.1731,1.6666666666666666E-4,0.028833333333333332,198,865,28937,1,2,47,27
90.0,0.04,1.295,1.6666666666666666E-4,0.028833333333333332,198,865,28937,1,1,48,28
90.0,0.02,0.5413,1.6666666666666666E-4,0.028833333333333332,198,865,28937,0,2,48,29
90.0,0.08,0.5627,1.6666666666666666E-4,0.028833333333333332,198,865,28937,0,1,49,30
90.0,0.04,0.9363,1.6666666666666666E-4,0.028833333333333332,198,865,28937,0,1,49,31
90.0,0.02,1.1771,1.6666666666666666E-4,0.028833333333333332,198,865,28937,1,1,48,32
90.0,0.02,0.3348,1.6666666666666666E-4,0.028833333333333332,198,865,28937,0,0,50,33
90.0,0.06,0.4484,1.6666666666666666E-4,0.028833333333333332,198,865,28937,0,3,47,34
90.0,0.06,0.771,1.6666666666666666E-4,0.028833333333333332,198,865,28937,1,1,48,35
90.0,0.02,1.3597,1.6666666666666666E-4,0.028833333333333332,198,865,28937,1,2,47,36
90.0,0.04,0.4779,1.6666666666666666E-4,0.028833333333333332,198,865,28937,1,1,48,37
90.0,0.06,1.7335,1.6666666666666666E-4,0.028833333333333332,198,865,28937,0,0,50,38
90.0,0.02,0.5092,1.6666666666666666E-4,0.028833333333333332,198,865,28937,0,2,48,39
90.0,0.1,0.9895,1.6666666666666666E-4,0.028833333333333332,198,865,28937,0,0,50,40
90.0,0.02,1.4882,1.6666666666666666E-4,0.028833333333333332,198,865,28937,0,0,50,41
90.0,0.02,0.9396,1.6666666666666666E-4,0.028833333333333332,198,865,28937,0,0,50,42
90.0,0.04,0.7318,1.6666666666666666E-4,0.028833333333333332,198,865,28937,1,1,48,43
90.0,0.0,0.704,1.6666666666666666E-4,0.028833333333333332,198,865,28937,1,2,47,44
90.0,0.12,1.4024,1.6666666666666666E-4,0.028833333333333332,198,865,28937,0,2,48,45
90.0,0.06,0.7186,1.6666666666666666E-4,0.028833333333333332,198,865,28937,1,1,48,46
90.0,0.06,0.8243,1.6666666666666666E-4,0.028833333333333332,198,865,28937,1,0,49,47
90.0,0.02,1.4864,1.6666666666666666E-4,0.028833333333333332,198,865,28937,2,2,46,48
90.0,0.08,0.5749,1.6666666666666666E-4,0.028833333333333332,198,865,28937,1,4,45,49
90.0,0.06,1.4591,1.6666666666666666E-4,0.028833333333333332,198,865,28937,0,0,50,50
90.0,0.04,0.8913,1.6666666666666666E-4,0.028833333333333332,198,865,28937,1,4,45,51
90.0,0.04,1.0259,1.6666666666666666E-4,0.028833333333333332,198,865,28937,0,5,45,52
90.0,0.08,1.6105,1.6666666666666666E-4,0.028833333333333332,198,865,28937,0,0,50,53
90.0,0.04,0.3536,1.6666666666666666E-4,0.028833333333333332,198,865,28937,0,1,49,54
90.0,0.04,0.3735,1.6666666666666666E-4,0.028833333333333332,198,865,28937,0,2,48,55
90.0,0.04,0.7213,1.6666666666666666E-4,0.028833333333333332,198,865,28937,0,0,50,56
90.0,0.04,0.8018,1.6666666666666666E-4,0.028833333333333332,198,865,28937,0,3,47,57
90.0,0.04,1.2324,1.6666666666666666E-4,0.028833333333333332,198,865,28937,0,3,47,58
90.0,0.02,0.0951,1.6666666666666666E-4,0.028833333333333332,198,865,28937,0,1,49,59
90.0,0.0,0.9869,1.6666666666666666E-4,0.028833333333333332,198,865,28937,0,4,46,60
90.0,0.02,0.5918,1.6666666666666666E-4,0.028833333333333332,198,865,28937,0,3,47,61
90.0,0.06,0.446,1.6666666666666666E-4,0.028833333333333332,198,865,28937,0,2,48,62
90.0,0.04,0.8622,1.6666666666666666E-4,0.028833333333333332,198,865,28937,0,0,50,63
90.0,0.04,1.0893,1.6666666666666666E-4,0.028833333333333332,198,865,28937,0,3,47,64
90.0,0.02,1.3374,1.6666666666666666E-4,0.028833333333333332,198,865,28937,1,1,48,65
90.0,0.0,1.855,1.6666666666666666E-4,0.028833333333333332,198,865,28937,0,0,50,66
90.0,3.56,-2.9601,1.6666666666666666E-4,0.028833333333333332,198,865,28937,0,2,48,67
90.0,0.04,0.7899,1.6666666666666666E-4,0.028833333333333332,198,865,28937,0,0,50,68
90.0,0.0,0.8222,1.6666666666666666E-4,0.028833333333333332,198,865,28937,1,3,46,69
90.0,0.1,0.6572,1.6666666666666666E-4,0.028833333333333332,198,865,28937,0,2,48,70
90.0,0.06,1.2338,1.6666666666666666E-4,0.028833333333333332,198,865,28937,0,1,49,71
90.0,0.14,0.6315,1.6666666666666666E-4,0.028833333333333332,198,865,28937,0,1,49,72
90.0,0.04,0.8191,1.6666666666666666E-4,0.028833333333333332,198,865,28937,2,0,48,73
90.0,0.02,1.0534,1.6666666666666666E-4,0.028833333333333332,198,865,28937,1,2,47,74
90.0,0.08,0.9743,1.6666666666666666E-4,0.028833333333333332,198,865,28937,0,2,48,75
90.0,0.0,1.2242,1.6666666666666666E-4,0.028833333333333332,198,865,28937,2,3,45,76
90.0,0.06,0.6962,1.6666666666666666E-4,0.028833333333333332,198,865,28937,0,3,47,77
90.0,0.0,0.9501,1.6666666666666666E-4,0.028833333333333332,198,865,28937,0,2,48,78
90.0,0.08,0.9212,1.6666666666666666E-4,0.028833333333333332,198,865,28937,0,1,49,79
90.0,0.02,0.8028,1.6666666666666666E-4,0.028833333333333332,198,865,28937,0,2,48,80
90.0,0.06,0.8211,1.6666666666666666E-4,0.028833333333333332,198,865,28937,1,1,48,81
90.0,0.04,0.9547,1.6666666666666666E-4,0.028833333333333332,198,865,28937,1,4,45,82
90.0,0.06,1.8543,1.6666666666666666E-4,0.028833333333333332,198,865,28937,0,0,50,83
90.0,0.04,0.8206,1.6666666666666666E-4,0.028833333333333332,198,865,28937,0,3,47,84
90.0,0.02,0.676,1.6666666666666666E-4,0.028833333333333332,198,865,28937,0,0,50,85
90.0,0.02,0.4254,1.6666666666666666E-4,0.028833333333333332,198,865,28937,1,3,46,86
90.0,0.0,0.8838,1.6666666666666666E-4,0.028833333333333332,198,865,28937,0,1,49,87
90.0,0.06,1.3246,1.6666666666666666E-4,0.028833333333333332,198,865,28937,0,0,50,88
90.0,0.06,0.5232,1.6666666666666666E-4,0.028833333333333332,198,865,28937,1,1,48,89
90.0,0.06,1.438,1.6666666666666666E-4,0.028833333333333332,198,865,28937,0,0,50,90
90.0,0.1,1.2518,1.6666666666666666E-4,0.028833333333333332,198,865,28937,0,0,50,91
90.0,0.06,0.8348,1.6666666666666666E-4,0.028833333333333332,198,865,28937,0,1,49,92
90.0,0.06,1.6139,1.6666666666666666E-4,0.028833333333333332,198,865,28937,0,2,48,93
90.0,0.02,0.5096,1.6666666666666666E-4,0.028833333333333332,198,865,28937,0,3,47,94
90.0,0.04,0.9421,1.6666666666666666E-4,0.028833333333333332,198,865,28937,1,1,48,95
90.0,0.02,0.6521,1.6666666666666666E-4,0.028833333333333332,198,865,28937,0,0,50,96
90.0,0.02,1.4115,1.6666666666666666E-4,0.028833333333333332,198,865,28937,1,1,48,97
90.0,0.04,1.1853,1.6666666666666666E-4,0.028833333333333332,198,865,28937,1,1,48,98
90.0,0.06,1.2193,1.6666666666666666E-4,0.028833333333333332,198,865,28937,0,1,49,99
90.0,5.14,-3.1253,1.6666666666666666E-4,0.028833333333333332,198,865,28937,1,3,46,100
120.0,0.06,1.163,0.0,0.0032,173,96,29731,0,0,50,1
120.0,0.06,0.782,0.0,0.0032,173,96,29731,0,1,49,2
120.0,0.02,0.7294,0.0,0.0032,173,96,29731,0,0,50,3
120.0,0.04,0.4559,0.0,0.0032,173,96,29731,1,0,49,4
120.0,0.06,0.7064,0.0,0.0032,173,96,29731,2,0,48,5
120.0,0.02,1.7927,0.0,0.0032,173,96,29731,0,0,50,6
120.0,0.08,0.5015,0.0,0.0032,173,96,29731,0,0,50,7
120.0,0.04,2.6268,0.0,0.0032,173,96,29731,0,0,50,8
120.0,0.06,1.9287,0.0,0.0032,173,96,29731,0,0,50,9
120.0,0.02,0.3014,0.0,0.0032,173,96,29731,0,0,50,10
120.0,0.08,0.3602,0.0,0.0032,173,96,29731,0,0,50,11
120.0,0.06,1.1946,0.0,0.0032,173,96,29731,0,0,50,12
120.0,0.08,0.7979,0.0,0.0032,173,96,29731,0,0,50,13
120.0,0.04,0.8705,0.0,0.0032,173,96,29731,1,0,49,14
120.0,0.02,0.8215,0.0,0.0032,173,96,29731,1,0,49,15
120.0,0.06,0.3486,0.0,0.0032,173,96,29731,0,0,50,16
120.0,0.04,0.4982,0.0,0.0032,173,96,29731,2,0,48,17
120.0,0.04,0.6807,0.0,0.0032,173,96,29731,0,2,48,18
120.0,0.04,1.3365,0.0,0.0032,173,96,29731,0,0,50,19
120.0,0.06,1.0833,0.0,0.0032,173,96,29731,0,1,49,20
120.0,0.04,2.2212,0.0,0.0032,173,96,29731,0,1,49,21
120.0,0.06,1.1912,0.0,0.0032,173,96,29731,1,0,49,22
120.0,0.02,1.4017,0.0,0.0032,173,96,29731,0,0,50,23
120.0,0.08,0.5933,0.0,0.0032,173,96,29731,0,0,50,24
120.0,0.04,1.0133,0.0,0.0032,173,96,29731,0,0,50,25
120.0,0.06,0.6277,0.0,0.0032,173,96,29731,0,0,50,26
120.0,0.02,1.0296,0.0,0.0032,173,96,29731,0,0,50,27
120.0,0.06,0.0292,0.0,0.0032,173,96,29731,0,0,50,28
120.0,0.04,0.9412,0.0,0.0032,173,96,29731,0,0,50,29
120.0,0.08,1.2992,0.0,0.0032,173,96,29731,1,0,49,30
120.0,0.04,0.9709,0.0,0.0032,173,96,29731,0,0,50,31
120.0,0.08,0.7568,0.0,0.0032,173,96,29731,0,0,50,32
120.0,0.04,1.8719,0.0,0.0032,173,96,29731,0,0,50,33
120.0,0.06,1.7395,0.0,0.0032,173,96,29731,1,0,49,34
120.0,0.06,1.0495,0.0,0.0032,173,96,29731,0,0,50,35
120.0,0.04,0.441,0.0,0.0032,173,96,29731,1,1,48,36
120.0,0.1,0.6117,0.0,0.0032,173,96,29731,0,0,50,37
120.0,0.02,1.6008,0.0,0.0032,173,96,29731,0,1,49,38
120.0,0.06,1.0301,0.0,0.0032,173,96,29731,2,0,48,39
120.0,0.02,1.0155,0.0,0.0032,173,96,29731,0,0,50,40
120.0,0.02,2.4128,0.0,0.0032,173,96,29731,0,0,50,41
120.0,0.06,0.978,0.0,0.0032,173,96,29731,0,0,50,42
120.0,0.12,0.3568,0.0,0.0032,173,96,29731,0,0,50,43
120.0,0.06,0.9954,0.0,0.0032,173,96,29731,0,0,50,44
120.0,0.02,0.3623,0.0,0.0032,173,96,29731,1,0,49,45
120.0,0.08,1.6812,0.0,0.0032,173,96,29731,0,0,50,46
120.0,0.0,0.955,0.0,0.0032,173,96,29731,2,0,48,47
120.0,0.02,0.8353,0.0,0.0032,173,96,29731,0,0,50,48
120.0,0.06,0.6941,0.0,0.0032,173,96,29731,0,0,50,49
120.0,0.0,1.4006,0.0,0.0032,173,96,29731,1,0,49,50
120.0,0.02,0.7147,0.0,0.0032,173,96,29731,0,0,50,51
120.0,0.06,1.3126,0.0,0.0032,173,96,29731,1,0,49,52
120.0,0.04,1.2985,0.0,0.0032,173,96,29731,0,0,50,53
120.0,0.08,1.0069,0.0,0.0032,173,96,29731,1,0,49,54
120.0,0.04,0.7973,0.0,0.0032,173,96,29731,1,0,49,55
120.0,0.04,0.8651,0.0,0.0032,173,96,29731,0,0,50,56
120.0,0.06,1.0113,0.0,0.0032,173,96,29731,0,0,50,57
120.0,0.04,2.7641,0.0,0.0032,173,96,29731,0,0,50,58
120.0,0.02,1.6369,0.0,0.0032,173,96,29731,0,0,50,59
120.0,0.0,1.5145,0.0,0.0032,173,96,29731,1,0,49,60
120.0,0.06,0.4726,0.0,0.0032,173,96,29731,0,0,50,61
120.0,0.08,0.8561,0.0,0.0032,173,96,29731,1,0,49,62
120.0,0.0,0.2238,0.0,0.0032,173,96,29731,0,0,50,63
120.0,0.04,0.7836,0.0,0.0032,173,96,29731,0,0,50,64
120.0,0.12,1.3386,0.0,0.0032,173,96,29731,1,0,49,65
120.0,0.02,0.7597,0.0,0.0032,173,96,29731,2,0,48,66
120.0,0.06,0.8951,0.0,0.0032,173,96,29731,0,0,50,67
120.0,0.0,1.391,0.0,0.0032,173,96,29731,0,1,49,68
120.0,0.1,0.2505,0.0,0.0032,173,96,29731,0,0,50,69
120.0,0.06,1.0285,0.0,0.0032,173,96,29731,0,0,50,70
120.0,0.02,0.5222,0.0,0.0032,173,96,29731,0,0,50,71
120.0,0.08,1.4109,0.0,0.0032,173,96,29731,0,0,50,72
120.0,0.08,0.5656,0.0,0.0032,173,96,29731,0,0,50,73
120.0,0.04,0.2334,0.0,0.0032,173,96,29731,0,0,50,74
120.0,0.04,0.9482,0.0,0.0032,173,96,29731,0,0,50,75
120.0,0.02,1.3178,0.0,0.0032,173,96,29731,0,0,50,76
120.0,0.04,1.1848,0.0,0.0032,173,96,29731,1,1,48,77
120.0,0.02,0.7304,0.0,0.0032,173,96,29731,0,0,50,78
120.0,0.08,0.4423,0.0,0.0032,173,96,29731,0,0,50,79
120.0,0.04,0.7819,0.0,0.0032,173,96,29731,0,0,50,80
120.0,0.04,0.8778,0.0,0.0032,173,96,29731,0,0,50,81
120.0,0.04,1.1847,0.0,0.0032,173,96,29731,0,0,50,82
120.0,0.04,0.4362,0.0,0.0032,173,96,29731,0,0,50,83
120.0,0.0,1.3835,0.0,0.0032,173,96,29731,1,1,48,84
120.0,0.1,0.6577,0.0,0.0032,173,96,29731,1,0,49,85
120.0,0.04,0.3401,0.0,0.0032,173,96,29731,0,0,50,86
120.0,0.02,0.6905,0.0,0.0032,173,96,29731,0,0,50,87
120.0,0.02,0.9609,0.0,0.0032,173,96,29731,0,0,50,88
120.0,0.06,0.5415,0.0,0.0032,173,96,29731,0,0,50,89
120.0,0.02,1.803,0.0,0.0032,173,96,29731,0,1,49,90
120.0,0.04,1.3494,0.0,0.0032,173,96,29731,0,0,50,91
120.0,0.04,0.2715,0.0,0.0032,173,96,29731,0,0,50,92
120.0,0.06,1.4964,0.0,0.0032,173,96,29731,0,0,50,93
120.0,0.08,1.3019,0.0,0.0032,173,96,29731,0,1,49,94
120.0,0.02,1.461,0.0,0.0032,173,96,29731,0,3,47,95
120.0,0.08,1.0572,0.0,0.0032,173,96,29731,0,0,50,96
120.0,0.06,0.7182,0.0,0.0032,173,96,29731,1,0,49,97
120.0,0.04,1.5822,0.0,0.0032,173,96,29731,1,0,49,98
120.0,0.02,2.2605,0.0,0.0032,173,96,29731,0,0,50,99
120.0,0.04,0.4701,0.0,0.0032,173,96,29731,0,0,50,100
150.0,0.08,0.8973,0.0,5.0E-4,169,15,29816,2,0,48,1
150.0,0.04,1.4439,0.0,5.0E-4,169,15,29816,0,0,50,2
150.0,0.08,1.5322,0.0,5.0E-4,169,15,29816,0,0,50,3
150.0,0.04,1.0135,0.0,5.0E-4,169,15,29816,0,0,50,4
150.0,0.08,1.6281,0.0,5.0E-4,169,15,29816,0,0,50,5
150.0,0.02,1.5774,0.0,5.0E-4,169,15,29816,0,0,50,6
150.0,0.08,0.8562,0.0,5.0E-4,169,15,29816,2,0,48,7
150.0,0.0,1.3144,0.0,5.0E-4,169,15,29816,0,0,50,8
150.0,0.02,1.2109,0.0,5.0E-4,169,15,29816,0,0,50,9
150.0,0.06,0.5645,0.0,5.0E-4,169,15,29816,0,0,50,10
150.0,0.04,2.6293,0.0,5.0E-4,169,15,29816,0,0,50,11
150.0,0.02,0.4836,0.0,5.0E-4,169,15,29816,0,0,50,12
150.0,0.0,0.8451,0.0,5.0E-4,169,15,29816,0,0,50,13
150.0,0.0,0.8943,0.0,5.0E-4,169,15,29816,0,0,50,14
150.0,0.06,0.7922,0.0,5.0E-4,169,15,29816,0,0,50,15
150.0,0.04,0.4879,0.0,5.0E-4,169,15,29816,0,0,50,16
150.0,0.08,0.9452,0.0,5.0E-4,169,15,29816,0,0,50,17
150.0,0.08,0.2806,0.0,5.0E-4,169,15,29816,0,0,50,18
150.0,0.02,1.2223,0.0,5.0E-4,169,15,29816,3,0,47,19
150.0,0.04,0.3257,0.0,5.0E-4,169,15,29816,0,0,50,20
150.0,0.04,2.2031,0.0,5.0E-4,169,15,29816,0,0,50,21
150.0,0.04,1.2125,0.0,5.0E-4,169,15,29816,1,0,49,22
150.0,0.08,0.9596,0.0,5.0E-4,169,15,29816,0,0,50,23
150.0,0.06,0.5305,0.0,5.0E-4,169,15,29816,1,0,49,24
150.0,0.06,0.9732,0.0,5.0E-4,169,15,29816,1,0,49,25
150.0,0.1,0.2703,0.0,5.0E-4,169,15,29816,0,0,50,26
150.0,0.02,1.0392,0.0,5.0E-4,169,15,29816,0,0,50,27
150.0,0.04,0.7504,0.0,5.0E-4,169,15,29816,0,0,50,28
150.0,0.06,0.6232,0.0,5.0E-4,169,15,29816,0,0,50,29
150.0,0.02,1.0291,0.0,5.0E-4,169,15,29816,0,0,50,30
150.0,0.06,1.1205,0.0,5.0E-4,169,15,29816,0,0,50,31
150.0,0.06,1.6322,0.0,5.0E-4,169,15,29816,0,0,50,32
150.0,0.06,0.8994,0.0,5.0E-4,169,15,29816,0,0,50,33
150.0,0.06,0.4979,0.0,5.0E-4,169,15,29816,0,0,50,34
150.0,0.06,0.48,0.0,5.0E-4,169,15,29816,0,0,50,35
150.0,0.02,0.925,0.0,5.0E-4,169,15,29816,0,0,50,36
150.0,0.06,0.7691,0.0,5.0E-4,169,15,29816,0,0,50,37
150.0,0.06,1.0227,0.0,5.0E-4,169,15,29816,0,0,50,38
150.0,0.08,0.1717,0.0,5.0E-4,169,15,29816,0,0,50,39
150.0,0.06,0.7192,0.0,5.0E-4,169,15,29816,0,0,50,40
150.0,0.04,1.0396,0.0,5.0E-4,169,15,29816,2,0,48,41
150.0,0.1,1.164,0.0,5.0E-4,169,15,29816,1,0,49,42
150.0,0.02,0.2994,0.0,5.0E-4,169,15,29816,0,0,50,43
150.0,0.06,1.7514,0.0,5.0E-4,169,15,29816,0,0,50,44
150.0,0.02,0.8428,0.0,5.0E-4,169,15,29816,0,0,50,45
150.0,0.08,1.6137,0.0,5.0E-4,169,15,29816,0,0,50,46
150.0,0.02,1.2028,0.0,5.0E-4,169,15,29816,0,0,50,47
150.0,0.0,1.0485,0.0,5.0E-4,169,15,29816,0,0,50,48
150.0,0.02,0.8513,0.0,5.0E-4,169,15,29816,0,0,50,49
150.0,0.02,0.6608,0.0,5.0E-4,169,15,29816,0,0,50,50
150.0,0.06,0.9938,0.0,5.0E-4,169,15,29816,0,0,50,51
150.0,0.04,1.4007,0.0,5.0E-4,169,15,29816,0,0,50,52
150.0,0.1,0.7842,0.0,5.0E-4,169,15,29816,1,0,49,53
150.0,0.08,0.7542,0.0,5.0E-4,169,15,29816,1,0,49,54
150.0,0.06,1.7322,0.0,5.0E-4,169,15,29816,0,0,50,55
150.0,0.04,0.5478,0.0,5.0E-4,169,15,29816,0,0,50,56
150.0,0.02,0.5618,0.0,5.0E-4,169,15,29816,0,0,50,57
150.0,0.06,0.7587,0.0,5.0E-4,169,15,29816,1,0,49,58
150.0,0.02,0.7286,0.0,5.0E-4,169,15,29816,0,0,50,59
150.0,0.1,0.5577,0.0,5.0E-4,169,15,29816,0,0,50,60
150.0,0.08,0.6466,0.0,5.0E-4,169,15,29816,0,0,50,61
150.0,0.04,0.2961,0.0,5.0E-4,169,15,29816,0,0,50,62
150.0,0.04,0.2657,0.0,5.0E-4,169,15,29816,0,0,50,63
150.0,0.04,1.7683,0.0,5.0E-4,169,15,29816,0,0,50,64
150.0,0.04,0.7881,0.0,5.0E-4,169,15,29816,0,0,50,65
150.0,0.06,0.7571,0.0,5.0E-4,169,15,29816,2,0,48,66
150.0,0.06,0.6977,0.0,5.0E-4,169,15,29816,0,1,49,67
150.0,0.02,1.2057,0.0,5.0E-4,169,15,29816,0,0,50,68
150.0,0.04,0.3707,0.0,5.0E-4,169,15,29816,0,0,50,69
150.0,0.02,0.9563,0.0,5.0E-4,169,15,29816,0,0,50,70
150.0,0.02,1.2786,0.0,5.0E-4,169,15,29816,1,0,49,71
150.0,0.02,0.58,0.0,5.0E-4,169,15,29816,0,0,50,72
150.0,0.02,1.5131,0.0,5.0E-4,169,15,29816,1,0,49,73
150.0,0.04,0.9971,0.0,5.0E-4,169,15,29816,0,0,50,74
150.0,0.08,0.7923,0.0,5.0E-4,169,15,29816,1,0,49,75
150.0,0.02,0.5835,0.0,5.0E-4,169,15,29816,0,0,50,76
150.0,0.06,0.1348,0.0,5.0E-4,169,15,29816,0,0,50,77
150.0,0.08,1.1404,0.0,5.0E-4,169,15,29816,0,1,49,78
150.0,0.06,1.094,0.0,5.0E-4,169,15,29816,0,0,50,79
150.0,0.02,1.1162,0.0,5.0E-4,169,15,29816,0,0,50,80
150.0,0.04,0.7712,0.0,5.0E-4,169,15,29816,1,0,49,81
150.0,0.04,1.1901,0.0,5.0E-4,169,15,29816,0,0,50,82
150.0,0.04,0.5457,0.0,5.0E-4,169,15,29816,0,0,50,83
150.0,0.12,0.6649,0.0,5.0E-4,169,15,29816,0,1,49,84
150.0,0.04,0.4044,0.0,5.0E-4,169,15,29816,0,0,50,85
150.0,0.08,2.2167,0.0,5.0E-4,169,15,29816,1,0,49,86
150.0,0.02,1.36,0.0,5.0E-4,169,15,29816,0,0,50,87
150.0,0.04,1.3481,0.0,5.0E-4,169,15,29816,1,0,49,88
150.0,0.02,0.9013,0.0,5.0E-4,169,15,29816,0,0,50,89
150.0,0.0,0.6772,0.0,5.0E-4,169,15,29816,0,0,50,90
150.0,0.04,0.7403,0.0,5.0E-4,169,15,29816,0,0,50,91
150.0,0.04,0.2979,0.0,5.0E-4,169,15,29816,1,0,49,92
150.0,0.02,1.3894,0.0,5.0E-4,169,15,29816,0,0,50,93
150.0,0.04,0.9294,0.0,5.0E-4,169,15,29816,0,0,50,94
150.0,0.06,0.7561,0.0,5.0E-4,169,15,29816,1,0,49,95
150.0,0.04,1.0565,0.0,5.0E-4,169,15,29816,0,0,50,96
150.0,0.02,0.4703,0.0,5.0E-4,169,15,29816,0,0,50,97
150.0,0.06,1.291,0.0,5.0E-4,169,15,29816,1,0,49,98
150.0,0.02,2.1687,0.0,5.0E-4,169,15,29816,0,0,50,99
150.0,0.08,0.5736,0.0,5.0E-4,169,15,29816,0,0,50,100
180.0,0.14,0.9161,0.0,3.3333333333333335E-5,169,1,29830,1,0,49,1
180.0,0.04,0.9822,0.0,3.3333333333333335E-5,169,1,29830,1,0,49,2
180.0,0.02,0.9763,0.0,3.3333333333333335E-5,169,1,29830,1,0,49,3
180.0,0.02,1.2776,0.0,3.3333333333333335E-5,169,1,29830,0,0,50,4
180.0,0.04,0.4642,0.0,3.3333333333333335E-5,169,1,29830,0,0,50,5
180.0,0.1,0.9897,0.0,3.3333333333333335E-5,169,1,29830,0,0,50,6
180.0,0.08,0.4715,0.0,3.3333333333333335E-5,169,1,29830,0,0,50,7
180.0,0.16,0.3018,0.0,3.3333333333333335E-5,169,1,29830,1,0,49,8
180.0,0.02,0.7102,0.0,3.3333333333333335E-5,169,1,29830,0,0,50,9
180.0,0.02,0.4308,0.0,3.3333333333333335E-5,169,1,29830,3,0,47,10
180.0,0.02,1.1377,0.0,3.3333333333333335E-5,169,1,29830,1,0,49,11
180.0,0.06,0.7004,0.0,3.3333333333333335E-5,169,1,29830,0,0,50,12
180.0,0.02,1.8377,0.0,3.3333333333333335E-5,169,1,29830,0,0,50,13
180.0,0.02,0.5089,0.0,3.3333333333333335E-5,169,1,29830,0,0,50,14
180.0,0.12,0.4336,0.0,3.3333333333333335E-5,169,1,29830,0,0,50,15
180.0,0.1,1.118,0.0,3.3333333333333335E-5,169,1,29830,0,0,50,16
180.0,0.02,0.9331,0.0,3.3333333333333335E-5,169,1,29830,0,0,50,17
180.0,0.06,0.5618,0.0,3.3333333333333335E-5,169,1,29830,0,0,50,18
180.0,0.06,0.6285,0.0,3.3333333333333335E-5,169,1,29830,3,0,47,19
180.0,0.04,0.923,0.0,3.3333333333333335E-5,169,1,29830,0,0,50,20
180.0,0.02,1.4904,0.0,3.3333333333333335E-5,169,1,29830,0,0,50,21
180.0,0.04,0.9759,0.0,3.3333333333333335E-5,169,1,29830,0,0,50,22
180.0,0.08,1.1115,0.0,3.3333333333333335E-5,169,1,29830,1,0,49,23
180.0,0.02,1.8463,0.0,3.3333333333333335E-5,169,1,29830,0,0,50,24
180.0,0.06,1.1248,0.0,3.3333333333333335E-5,169,1,29830,0,0,50,25
180.0,0.06,0.8822,0.0,3.3333333333333335E-5,169,1,29830,0,0,50,26
180.0,0.08,0.3526,0.0,3.3333333333333335E-5,169,1,29830,0,0,50,27
180.0,0.04,0.9808,0.0,3.3333333333333335E-5,169,1,29830,1,0,49,28
180.0,0.06,0.7919,0.0,3.3333333333333335E-5,169,1,29830,0,0,50,29
180.0,0.04,0.9184,0.0,3.3333333333333335E-5,169,1,29830,0,0,50,30
180.0,0.0,0.7737,0.0,3.3333333333333335E-5,169,1,29830,0,0,50,31
180.0,0.08,1.0555,0.0,3.3333333333333335E-5,169,1,29830,1,0,49,32
180.0,0.1,0.2527,0.0,3.3333333333333335E-5,169,1,29830,0,0,50,33
180.0,0.02,1.6136,0.0,3.3333333333333335E-5,169,1,29830,0,0,50,34
180.0,0.02,1.4712,0.0,3.3333333333333335E-5,169,1,29830,1,0,49,35
180.0,0.08,0.7532,0.0,3.3333333333333335E-5,169,1,29830,0,0,50,36
180.0,0.1,0.438,0.0,3.3333333333333335E-5,169,1,29830,0,0,50,37
180.0,0.04,1.5423,0.0,3.3333333333333335E-5,169,1,29830,0,0,50,38
180.0,0.08,0.6942,0.0,3.3333333333333335E-5,169,1,29830,0,0,50,39
180.0,0.08,0.5222,0.0,3.3333333333333335E-5,169,1,29830,0,0,50,40
180.0,0.02,1.1967,0.0,3.3333333333333335E-5,169,1,29830,0,0,50,41
180.0,0.06,0.6376,0.0,3.3333333333333335E-5,169,1,29830,0,0,50,42
180.0,0.0,0.8901,0.0,3.3333333333333335E-5,169,1,29830,1,0,49,43
180.0,0.02,1.0107,0.0,3.3333333333333335E-5,169,1,29830,0,0,50,44
180.0,0.08,1.119,0.0,3.3333333333333335E-5,169,1,29830,0,0,50,45
180.0,0.02,0.3441,0.0,3.3333333333333335E-5,169,1,29830,0,0,50,46
180.0,0.08,0.7714,0.0,3.3333333333333335E-5,169,1,29830,0,0,50,47
180.0,0.02,0.3495,0.0,3.3333333333333335E-5,169,1,29830,1,0,49,48
180.0,0.04,1.2213,0.0,3.3333333333333335E-5,169,1,29830,1,0,49,49
180.0,0.0,2.26,0.0,3.3333333333333335E-5,169,1,29830,0,0,50,50
180.0,0.06,1.3602,0.0,3.3333333333333335E-5,169,1,29830,0,0,50,51
180.0,0.06,0.7692,0.0,3.3333333333333335E-5,169,1,29830,0,0,50,52
180.0,0.08,0.1186,0.0,3.3333333333333335E-5,169,1,29830,0,0,50,53
180.0,0.1,0.8708,0.0,3.3333333333333335E-5,169,1,29830,0,0,50,54
180.0,0.08,0.8838,0.0,3.3333333333333335E-5,169,1,29830,0,0,50,55
180.0,0.12,1.7865,0.0,3.3333333333333335E-5,169,1,29830,1,0,49,56
180.0,0.02,2.1263,0.0,3.3333333333333335E-5,169,1,29830,0,0,50,57
180.0,0.06,0.9856,0.0,3.3333333333333335E-5,169,1,29830,0,0,50,58
180.0,0.06,2.0958,0.0,3.3333333333333335E-5,169,1,29830,0,0,50,59
180.0,0.08,0.5807,0.0,3.3333333333333335E-5,169,1,29830,0,0,50,60
180.0,0.04,0.4255,0.0,3.3333333333333335E-5,169,1,29830,0,0,50,61
180.0,0.0,0.9982,0.0,3.3333333333333335E-5,169,1,29830,0,0,50,62
180.0,0.1,0.7133,0.0,3.3333333333333335E-5,169,1,29830,1,0,49,63
180.0,0.02,0.6149,0.0,3.3333333333333335E-5,169,1,29830,0,0,50,64
180.0,0.08,0.7804,0.0,3.3333333333333335E-5,169,1,29830,0,0,50,65
180.0,0.02,0.0478,0.0,3.3333333333333335E-5,169,1,29830,1,0,49,66
180.0,0.06,0.1381,0.0,3.3333333333333335E-5,169,1,29830,0,0,50,67
180.0,0.0,0.6374,0.0,3.3333333333333335E-5,169,1,29830,0,0,50,68
180.0,0.04,1.0168,0.0,3.3333333333333335E-5,169,1,29830,0,0,50,69
180.0,0.06,2.4186,0.0,3.3333333333333335E-5,169,1,29830,0,0,50,70
180.0,0.02,0.2182,0.0,3.3333333333333335E-5,169,1,29830,0,0,50,71
180.0,0.06,0.2713,0.0,3.3333333333333335E-5,169,1,29830,0,0,50,72
180.0,0.08,0.7172,0.0,3.3333333333333335E-5,169,1,29830,1,0,49,73
180.0,0.06,0.538,0.0,3.3333333333333335E-5,169,1,29830,2,0,48,74
180.0,0.02,0.7913,0.0,3.3333333333333335E-5,169,1,29830,1,0,49,75
180.0,0.08,0.8369,0.0,3.3333333333333335E-5,169,1,29830,1,0,49,76
180.0,0.1,0.1277,0.0,3.3333333333333335E-5,169,1,29830,0,0,50,77
180.0,0.04,0.5517,0.0,3.3333333333333335E-5,169,1,29830,0,0,50,78
180.0,0.08,0.3285,0.0,3.3333333333333335E-5,169,1,29830,0,0,50,79
180.0,0.02,1.4349,0.0,3.3333333333333335E-5,169,1,29830,0,0,50,80
180.0,0.04,1.2197,0.0,3.3333333333333335E-5,169,1,29830,0,0,50,81
180.0,0.02,0.9704,0.0,3.3333333333333335E-5,169,1,29830,0,0,50,82
180.0,0.08,0.6252,0.0,3.3333333333333335E-5,169,1,29830,0,0,50,83
180.0,0.0,0.6484,0.0,3.3333333333333335E-5,169,1,29830,1,0,49,84
180.0,0.08,0.5999,0.0,3.3333333333333335E-5,169,1,29830,0,0,50,85
180.0,0.14,0.7526,0.0,3.3333333333333335E-5,169,1,29830,0,0,50,86
180.0,0.08,0.6836,0.0,3.3333333333333335E-5,169,1,29830,0,0,50,87
180.0,0.08,0.9373,0.0,3.3333333333333335E-5,169,1,29830,0,0,50,88
180.0,0.12,0.4064,0.0,3.3333333333333335E-5,169,1,29830,1,0,49,89
180.0,0.04,0.4909,0.0,3.3333333333333335E-5,169,1,29830,0,0,50,90
180.0,0.08,0.5151,0.0,3.3333333333333335E-5,169,1,29830,0,0,50,91
180.0,0.02,1.3278,0.0,3.3333333333333335E-5,169,1,29830,0,0,50,92
180.0,0.08,1.8238,0.0,3.3333333333333335E-5,169,1,29830,0,0,50,93
180.0,0.0,0.6279,0.0,3.3333333333333335E-5,169,1,29830,1,0,49,94
180.0,0.02,1.1807,0.0,3.3333333333333335E-5,169,1,29830,0,0,50,95
180.0,0.1,1.6357,0.0,3.3333333333333335E-5,169,1,29830,1,0,49,96
180.0,0.02,-0.0727,0.0,3.3333333333333335E-5,169,1,29830,0,0,50,97
180.0,0.02,1.9398,0.0,3.3333333333333335E-5,169,1,29830,1,0,49,98
180.0,0.1,2.3373,0.0,3.3333333333333335E-5,169,1,29830,1,0,49,99
180.0,0.0,0.7109,0.0,3.3333333333333335E-5,169,1,29830,1,0,49,100
